{
    "$schema": "https://go.kicad.org/pcm/schemas/v1",
    "name": "KIC-AI Assistant",
    "description": "AI-powered PCB design assistant with Ollama integration",
    "description_full": "AI assistant for KiCad PCB design with Ollama LLM integration. Analyze your PCB, get design advice, and ask questions about your board layout.",
    "identifier": "com.jochem.kic-ai-assistant",
    "type": "plugin",
    "author": {
        "name": "Jochem",
        "contact": {
            "web": ""
        }
    },
    "maintainer": {
        "name": "Jochem", 
        "contact": {
            "web": ""
        }
    },
    "license": "MIT",
    "resources": {
        "homepage": "",
        "repository": ""
    },
    "tags": [
        "ai",
        "assistant", 
        "pcb",
        "analysis",
        "design"
    ],
    "versions": [
        {
            "version": "1.2.1",
            "status": "stable",
            "kicad_version": "6.0"
        }
    ]
}
